"id","name","wpca:d1","wpca:d2","result","r","opacity","color"
"100","Marvanová, Hana (Koalice)",0.164197480808481,1.80531597548344,0.05,0.05,0.7,"gold"
"110","Nájemník, Václav (ODS)",-18.5167337227183,-0.49874561770615,0.05,0.05,0.7,"blue"
"111","Nečas, Petr (ODS)",-19.0893549819255,-2.56810378354958,0.05,0.05,0.7,"blue"
"122","Orgoníková, Hana (ČSSD)",16.6425970056244,7.51411980835744,0.05,0.05,0.7,"orange"
"124","Palas, Jaroslav (ČSSD)",5.71231030219956,4.54646912524744,0.05,0.05,0.7,"orange"
"136","Recman, Svatomír (KSČM)",-1.4250944905917,-20.3330260041292,0.05,0.05,0.7,"red"
"143","Severa, Pavel (Koalice)",6.33659256088098,9.27129436275239,0.05,0.05,0.7,"gold"
"16","Buzková, Petra (ČSSD)",5.1564085560095,3.50848642457701,0.05,0.05,0.7,"orange"
"164","Tlustý, Vlastimil (ODS)",-20.4606045698476,-2.50365051257146,0.05,0.05,0.7,"blue"
"19","Čelišová, Květoslava (KSČM)",-2.52076159801622,-14.0195925338229,0.05,0.05,0.7,"red"
"1919","Kádner, Tomáš (ODS)",-2.64154243388205,1.86645132443711,0.05,0.05,0.7,"blue"
"193","Výborný, Miloslav (Koalice)",1.84331144350585,1.44743323611379,0.05,0.05,0.7,"gold"
"196","Zeman, Eduard (ČSSD)",15.6583711910132,6.49296069481279,0.05,0.05,0.7,"orange"
"206","Brynychová, Ludmila (KSČM)",-2.80319940731901,-15.5738222293425,0.05,0.05,0.7,"red"
"209","Dostál, Pavel (ČSSD)",5.71973726032339,5.77294089287245,0.05,0.05,0.7,"orange"
"210","Ekert, Milan (ČSSD)",15.5645877181279,6.12584131940598,0.05,0.05,0.7,"orange"
"211","Emmerová, Milada (ČSSD)",9.24236500012986,5.935962948891,0.05,0.05,0.7,"orange"
"215","Hojdar, Josef (ČSSD)",11.571590168835,7.47674413745898,0.05,0.05,0.7,"orange"
"218","Jičínský, Zdeněk (ČSSD)",12.1261205515783,5.51509176357496,0.05,0.05,0.7,"orange"
"219","Kapoun, Miroslav (ČSSD)",16.09656956407,8.34964579736186,0.05,0.05,0.7,"orange"
"220","Kopecký, Robert (ČSSD)",10.1283970133072,6.9267144406184,0.05,0.05,0.7,"orange"
"225","Kupčová, Jitka (ČSSD)",16.9706577190636,7.02558142999459,0.05,0.05,0.7,"orange"
"226","Laštůvka, Vladimír (ČSSD)",8.6071620898371,6.46904083330232,0.05,0.05,0.7,"orange"
"227","Macháček, Antonín (ČSSD)",14.8500242116833,8.18909260821638,0.05,0.05,0.7,"orange"
"230","Melčák, Miloš (ČSSD)",14.7259020812879,5.9675180133295,0.05,0.05,0.7,"orange"
"234","Schling, Jaromír (ČSSD)",15.7937347171529,7.6487041285321,0.05,0.05,0.7,"orange"
"235","Skopal, Ladislav (ČSSD)",13.099756960238,6.94814136029556,0.05,0.05,0.7,"orange"
"236","Snítilý, Evžen (ČSSD)",12.509324669859,7.89818405317163,0.05,0.05,0.7,"orange"
"237","Sobotka, Bohuslav (ČSSD)",11.9858867958839,7.33987329571002,0.05,0.05,0.7,"orange"
"239","Škromach, Zdeněk (ČSSD)",14.898437298224,7.30267879947365,0.05,0.05,0.7,"orange"
"241","Špidla, Vladimír (ČSSD)",4.88554032901618,5.07158973033914,0.05,0.05,0.7,"orange"
"243","Šulák, Petr (ČSSD)",13.4801319335632,6.49691130858501,0.05,0.05,0.7,"orange"
"244","Teplík, Tomáš (ODS)",-20.4272276881055,-2.18705988362847,0.05,0.05,0.7,"blue"
"246","Titz, Miloš (ČSSD)",13.538870398614,7.11147139147146,0.05,0.05,0.7,"orange"
"247","Tomíček, Rudolf (ČSSD)",17.5536502544404,7.61944543946653,0.05,0.05,0.7,"orange"
"248","Turek, Radim (ČSSD)",11.431607473834,8.91186536838099,0.05,0.05,0.7,"orange"
"249","Václavek, Jiří (ČSSD)",15.857459934687,7.4194845019998,0.05,0.05,0.7,"orange"
"250","Vlček, Miloslav (ČSSD)",13.8080358513155,6.87282683424304,0.05,0.05,0.7,"orange"
"252","Zaorálek, Lubomír (ČSSD)",13.1037841331902,5.93565315456929,0.05,0.05,0.7,"orange"
"261","Horníková, Zdeňka (ODS)",-19.6034858268288,-1.88260605492547,0.05,0.05,0.7,"blue"
"266","Langer, Ivan (ODS)",-20.4287328962635,-4.92153486323973,0.05,0.05,0.7,"blue"
"269","Papež, Jiří (ODS)",-22.0774876459519,-0.927031574750369,0.05,0.05,0.7,"blue"
"270","Pešán, Jaroslav (ODS)",-22.7348277979096,-1.833053194678,0.05,0.05,0.7,"blue"
"273","Plachý, Jaroslav (ODS)",-21.8011496584002,-0.909725183118343,0.05,0.05,0.7,"blue"
"275","Pleva, Petr (ODS)",-21.7927027904145,-1.65214239720139,0.05,0.05,0.7,"blue"
"277","Sehoř, Karel (ODS)",-21.9065977724357,-2.88435898003769,0.05,0.05,0.7,"blue"
"280","Vidím, Jan (ODS)",-20.7477383717611,-3.46533281602162,0.05,0.05,0.7,"blue"
"282","Vojíř, Oldřich (ODS)",-20.8666587212959,-1.56561085321638,0.05,0.05,0.7,"blue"
"285","Zvěřina, Jaroslav (ODS)",-8.98933157016495,-2.97046171368504,0.05,0.05,0.7,"blue"
"295","Ambrozek, Libor (Koalice)",8.18876466176446,9.69962049316709,0.05,0.05,0.7,"gold"
"297","Holáň, Vilém (Koalice)",13.2160073764322,10.234062943975,0.05,0.05,0.7,"gold"
"301","Šojdrová, Michaela (Koalice)",10.6446958090351,8.31319156147994,0.05,0.05,0.7,"gold"
"302","Talíř, Jaromír (Koalice)",12.9521633137886,10.9823542812279,0.05,0.05,0.7,"gold"
"303","Filip, Vojtěch (KSČM)",-4.83282197670075,-16.2071416370399,0.05,0.05,0.7,"red"
"304","Gongol, Jaroslav (KSČM)",-2.37001568875451,-18.6544499177183,0.05,0.05,0.7,"red"
"305","Grebeníček, Miroslav (KSČM)",-4.10319970520543,-14.7561893043147,0.05,0.05,0.7,"red"
"309","Kováčik, Pavel (KSČM)",-3.51393449439989,-15.0552762909862,0.05,0.05,0.7,"red"
"31","Exner, Václav (KSČM)",-3.86943351132952,-16.0889430349005,0.05,0.05,0.7,"red"
"310","Maštálka, Jiří (KSČM)",-2.94524088476896,-5.83096922524877,0.05,0.05,0.7,"red"
"311","Ransdorf, Miloslav (KSČM)",-2.96138947276174,-4.69550214246485,0.05,0.05,0.7,"red"
"312","Bebarová Rujbrová, Zuzka (KSČM)",-3.85838928160465,-16.5775362595951,0.05,0.05,0.7,"red"
"317","Vymětal, Karel (KSČM)",-4.59369162393921,-18.8523922841998,0.05,0.05,0.7,"red"
"333","Grůza, Jan (Koalice)",13.0048346427351,11.0352526199715,0.05,0.05,0.7,"gold"
"335","Kladívko, Tomáš (ODS)",-20.70963749226,-1.45347310362215,0.05,0.05,0.7,"blue"
"340","Parkanová, Vlasta (Koalice)",8.94736452516476,11.4191826839084,0.05,0.05,0.7,"gold"
"344","Aubrecht, Vlastimil (ČSSD)",15.8166312058692,7.68145735602548,0.05,0.05,0.7,"orange"
"345","Bartoš, Walter (ODS)",-20.3433118984926,-1.13912603150606,0.05,0.05,0.7,"blue"
"347","Beneš, Miroslav (ODS)",-20.6541055253112,-1.93501892614326,0.05,0.05,0.7,"blue"
"348","Bílý, Jiří (ODS)",-20.0610884400147,-1.50272181405349,0.05,0.05,0.7,"blue"
"349","Boháčková, Jarmila (ČSSD)",8.06585023869658,6.15313351001537,0.05,0.05,0.7,"orange"
"353","Cabrnoch, Milan (ODS)",-8.78829535086413,-3.42109717162776,0.05,0.05,0.7,"blue"
"354","Černý, Karel (ČSSD)",13.3414910192082,8.14280673121728,0.05,0.05,0.7,"orange"
"356","Doktor, Michal (ODS)",-22.4027446209302,-0.840231274752415,0.05,0.05,0.7,"blue"
"357","Doležal, Vladimír (ODS)",-17.7373346660087,-2.45546466907787,0.05,0.05,0.7,"blue"
"358","Dostálová, Kateřina (ODS)",-21.5785510836569,-1.88649893862595,0.05,0.05,0.7,"blue"
"36","Frank, Václav (KSČM)",-1.98578636251876,-19.0158673101726,0.05,0.05,0.7,"red"
"360","Dundáčková, Eva (ODS)",-21.2180244555662,-2.35269613644639,0.05,0.05,0.7,"blue"
"361","Fischer, Stanislav (KSČM)",2.8611487244981,-8.71446421924987,0.05,0.05,0.7,"red"
"362","Grega, Andrej (ČSSD)",0.485598394243471,0.572387197627689,0.05,0.05,0.7,"orange"
"363","Grüner, Václav (ČSSD)",7.50885325722393,0.0224805998186038,0.05,0.05,0.7,"orange"
"366","Hojda, Pavel (KSČM)",-3.26639848432568,-19.6203085108986,0.05,0.05,0.7,"red"
"367","Hönig, Pavel (ČSSD)",15.9564717146858,7.34865462783913,0.05,0.05,0.7,"orange"
"371","Hrnčíř, Pavel (ODS)",-24.0741551067968,-2.09539575129498,0.05,0.05,0.7,"blue"
"372","Chytka, Radim (ODS)",-23.4744912705677,-1.77837225380833,0.05,0.05,0.7,"blue"
"374","Ježek, Libor (ODS)",-19.0462811566709,-0.27735026777778,0.05,0.05,0.7,"blue"
"377","Kalousek, Miroslav (Koalice)",7.24147982060311,9.43577399642206,0.05,0.05,0.7,"gold"
"378","Kocourek, Martin (ODS)",-19.1429094237021,-1.78751111452728,0.05,0.05,0.7,"blue"
"379","Kohlíček, Jaromír (KSČM)",-2.59646429011994,-6.20323820553626,0.05,0.05,0.7,"red"
"381","Kořistka, Zdeněk (US)",2.30747186939876,2.91212892046352,0.05,0.05,0.7,"darkviolet"
"382","Koudelka, Zdeněk (ČSSD)",14.6542435964739,7.70145048238603,0.05,0.05,0.7,"orange"
"383","Krajíček, Miroslav (ODS)",-24.3259758282682,-0.50029291458777,0.05,0.05,0.7,"blue"
"386","Křeček, Stanislav (ČSSD)",14.0986255179673,7.11645438344586,0.05,0.05,0.7,"orange"
"389","Kühnl, Karel (Koalice)",8.75334597473534,11.7420305734842,0.05,0.05,0.7,"gold"
"39","Gross, Stanislav (ČSSD)",6.80473231724868,5.55465293219104,0.05,0.05,0.7,"orange"
"390","Kvapil, Tomáš (Koalice)",11.4500615347893,9.70894234628264,0.05,0.05,0.7,"gold"
"392","Lobkowicz, Jaroslav (Koalice)",12.4488092217109,11.1322195607075,0.05,0.05,0.7,"gold"
"393","Máče, Miroslav (ČSSD)",2.5239832514599,-0.523469365064837,0.05,0.05,0.7,"orange"
"396","Martínek, Radko (ČSSD)",13.787053091242,7.12368209878115,0.05,0.05,0.7,"orange"
"398","Mlynář, Vladimír (Koalice)",1.40494238058263,1.29467069094019,0.05,0.05,0.7,"gold"
"4","Benda, Marek (ODS)",-11.3588344623976,5.0008689719897,0.05,0.05,0.7,"blue"
"400","Nedvědová, Veronika (ODS)",-17.0684978424236,-2.58383734924474,0.05,0.05,0.7,"blue"
"401","Němcová, Miroslava (ODS)",-20.9703609442693,-3.35515500434663,0.05,0.05,0.7,"blue"
"403","Němec, Pavel (Koalice)",2.51620291680047,5.82381335821003,0.05,0.05,0.7,"gold"
"405","Ouzký, Miroslav (ODS)",-8.52720135201708,-3.27362343014316,0.05,0.05,0.7,"blue"
"406","Páralová, Alena (ODS)",-24.1785526492901,-2.42817449458467,0.05,0.05,0.7,"blue"
"407","Patočka, Jiří (ODS)",-7.0283449437398,-1.78806562826954,0.05,0.05,0.7,"blue"
"410","Petr, Břetislav (ČSSD)",6.59253576578805,-0.592384136458602,0.05,0.05,0.7,"orange"
"412","Rozehnal, Aleš (ODS)",-18.4369458293899,-1.91992174669986,0.05,0.05,0.7,"blue"
"415","Suchánek, Pavel (ODS)",-21.6892819966435,-1.16508739668812,0.05,0.05,0.7,"blue"
"416","Svoboda, Cyril (Koalice)",6.53510623601323,7.99990158469651,0.05,0.05,0.7,"gold"
"417","Svoboda, Pavel (Koalice)",2.58411954717354,6.74861421183321,0.05,0.05,0.7,"gold"
"419","Šplíchal, Karel (ČSSD)",14.9378805787993,7.25026930129424,0.05,0.05,0.7,"orange"
"420","Šustr, Ladislav (Koalice)",11.092608011153,9.8375422464567,0.05,0.05,0.7,"gold"
"421","Talmanová, Lucie (ODS)",-22.2795915813875,-0.969309879744027,0.05,0.05,0.7,"blue"
"422","Urban, Milan (ČSSD)",6.8369095645636,6.430258142152,0.05,0.05,0.7,"orange"
"423","Vávra, Eduard (ODS)",-21.807781333483,-2.82240638180746,0.05,0.05,0.7,"blue"
"425","Vlčková, Miroslava (KSČM)",-2.79809797280465,-17.4235635641431,0.05,0.05,0.7,"red"
"426","Vnouček, František (ČSSD)",7.62322906629167,0.402828179598342,0.05,0.05,0.7,"orange"
"429","Zahradil, Jan (ODS)",-8.02334902615187,-2.097200502645,0.05,0.05,0.7,"blue"
"430","Zajíček, Tom (ODS)",-24.0760596031445,-1.19957644965661,0.05,0.05,0.7,"blue"
"431","Záruba, Bohuslav (ODS)",-19.8702999766095,-2.66706250791977,0.05,0.05,0.7,"blue"
"437","Říman, Martin (ODS)",-21.3334925952907,-3.75942399110295,0.05,0.05,0.7,"blue"
"450","Kavan, Jan (ČSSD)",9.3079814851275,4.59214849680416,0.05,0.05,0.7,"orange"
"4527","Vondruška, Josef (KSČM)",1.30052497982026,-2.59321610987917,0.05,0.05,0.7,"red"
"454","Kužvart, Miloš (ČSSD)",11.6036229418937,6.53779524188868,0.05,0.05,0.7,"orange"
"4778","Grospič, Stanislav (KSČM)",-2.86176228370993,-19.3534442710306,0.05,0.05,0.7,"red"
"5120","Lachnit, Petr (ČSSD)",10.4141550934229,5.41648886802128,0.05,0.05,0.7,"orange"
"5213","Fajmon, Hynek (ODS)",-11.6929534717931,-4.59775969728302,0.05,0.05,0.7,"blue"
"5217","Tvrdík, Jaroslav (ČSSD)",1.3210363725778,1.41847650812621,0.05,0.05,0.7,"orange"
"5224","Karásek, Svatopluk (Koalice)",9.61038553999679,9.01788861308749,0.05,0.05,0.7,"gold"
"5252","Ibl, Petr (ČSSD)",15.189575223081,8.70056402781396,0.05,0.05,0.7,"orange"
"5253","Kučera, Miloslav (ODS)",-18.740213505747,-0.521839459071333,0.05,0.05,0.7,"blue"
"5254","Nováková, Eva (ČSSD)",13.3721445552071,6.82995981492481,0.05,0.05,0.7,"orange"
"5255","Svoboda, Miroslav (ČSSD)",12.4452206916924,7.09276063357779,0.05,0.05,0.7,"orange"
"5256","Bratský, Petr (ODS)",-20.9466015641931,-1.38182744255279,0.05,0.05,0.7,"blue"
"5257","Dub, Tomáš (ODS)",-21.8643153939281,-2.52882327168123,0.05,0.05,0.7,"blue"
"5258","Mallotová, Helena (ODS)",-17.3499706954951,-1.94745692904845,0.05,0.05,0.7,"blue"
"5259","Novotný, Zbyněk (ODS)",-20.4658700970104,-1.75050788170764,0.05,0.05,0.7,"blue"
"5260","Beneš, František (KSČM)",-1.67096264146021,-18.5488857254417,0.05,0.05,0.7,"red"
"5261","Dolejš, Jiří (KSČM)",-1.39293637293031,-12.6954399790507,0.05,0.05,0.7,"red"
"5262","Říha, Vladimír (Koalice)",13.6051628566377,10.5313977305568,0.05,0.05,0.7,"gold"
"5263","Čurdová, Anna (ČSSD)",13.780034860083,7.09446530559951,0.05,0.05,0.7,"orange"
"5264","Rouček, Libor (ČSSD)",5.5717848961006,3.60252512222716,0.05,0.05,0.7,"orange"
"5265","Řihák, Josef (ČSSD)",16.689038662752,7.17754501847118,0.05,0.05,0.7,"orange"
"5266","Třešňák, Jiří (ČSSD)",17.5858959062653,7.25951377541141,0.05,0.05,0.7,"orange"
"5267","Fialová, Jiřina (KSČM)",-2.6701242167223,-19.2418828733382,0.05,0.05,0.7,"red"
"5268","Vostrá, Miloslava (KSČM)",-1.88838806035601,-17.9454036390724,0.05,0.05,0.7,"red"
"5269","Mládek, Jan (ČSSD)",11.488199322763,6.58175911836281,0.05,0.05,0.7,"orange"
"5270","Braný, Petr (KSČM)",-1.91844946259508,-18.7341456248585,0.05,0.05,0.7,"red"
"5271","Čada, Vladimír (ČSSD)",17.7528103932601,7.53478675540461,0.05,0.05,0.7,"orange"
"5272","Votava, Václav (ČSSD)",16.7141264237078,7.58842023939113,0.05,0.05,0.7,"orange"
"5273","Pospíšil, Jiří (ODS)",-21.2541222216795,-2.19923039117084,0.05,0.05,0.7,"blue"
"5274","Levá, Ivana (KSČM)",-0.234300457011199,-19.2791358862894,0.05,0.05,0.7,"red"
"5275","Urban, Ladislav (KSČM)",-3.67765888668583,-18.9543562366482,0.05,0.05,0.7,"red"
"5276","Mikuta, Josef (ČSSD)",14.8951463218405,7.16589876194754,0.05,0.05,0.7,"orange"
"5277","Patera, Miloš (ODS)",-18.7575998041909,-0.175872409013157,0.05,0.05,0.7,"blue"
"5278","Suk, Lubomír (ODS)",-21.4772706964004,-0.419365101591211,0.05,0.05,0.7,"blue"
"5279","Krákora, Jaroslav (ČSSD)",16.5589479117532,7.43136359815971,0.05,0.05,0.7,"orange"
"5280","Bíža, Josef (ODS)",-19.8599061393866,-0.0374726601162303,0.05,0.05,0.7,"blue"
"5281","Pátek, Miroslav (ODS)",-22.2820014499992,-0.759879651517918,0.05,0.05,0.7,"blue"
"5282","Šenfeld, Josef (KSČM)",-1.33448148019771,-18.9340107270226,0.05,0.05,0.7,"red"
"5283","Němec, Oldřich (ČSSD)",14.052045492246,7.25922884833884,0.05,0.05,0.7,"orange"
"5284","Vojtilová, Jitka (ČSSD)",15.5643084485348,8.0039620840486,0.05,0.05,0.7,"orange"
"5285","Hasil, Tomáš (ODS)",-19.4177912820637,-3.08898764223282,0.05,0.05,0.7,"blue"
"5286","Kott, Petr (ODS)",-4.82731241052134,1.78172051818387,0.05,0.05,0.7,"blue"
"5287","Pelc, František (Koalice)",9.71934617392814,10.5556164374937,0.05,0.05,0.7,"gold"
"5288","Šedivá, Iva (ČSSD)",17.3511558798251,7.13811901113908,0.05,0.05,0.7,"orange"
"5289","Dlab, Vlastimil (KSČM)",-1.8805275817675,-18.9255420968908,0.05,0.05,0.7,"red"
"5290","Marková, Soňa (KSČM)",-1.30995321108691,-17.9231572346674,0.05,0.05,0.7,"red"
"5291","Hanuš, Jiří (Koalice)",11.9232202630843,10.9652214856145,0.05,0.05,0.7,"gold"
"5292","Váňa, Miroslav (ČSSD)",15.4255792955696,7.53742574010874,0.05,0.05,0.7,"orange"
"5293","Gruntová, Jitka (KSČM)",-2.09705662052235,-18.3043856906265,0.05,0.05,0.7,"red"
"5294","Zgarba, Petr (ČSSD)",11.2969170963787,8.19339630533349,0.05,0.05,0.7,"orange"
"5295","Bičík, Milan (KSČM)",-1.8685396554319,-19.1258301660941,0.05,0.05,0.7,"red"
"5296","Rusová, Marie (KSČM)",-2.84735029865906,-17.0110003259836,0.05,0.05,0.7,"red"
"5297","Hašek, Michal (ČSSD)",13.7111042087894,7.45401654633038,0.05,0.05,0.7,"orange"
"5298","Kala, Miloslav (ČSSD)",16.334154804277,6.74332283688669,0.05,0.05,0.7,"orange"
"5299","Strnad, František (ČSSD)",16.1594270888604,7.0504924237782,0.05,0.05,0.7,"orange"
"5300","Mencl, Václav (ODS)",-20.1804145015602,-0.23128099163208,0.05,0.05,0.7,"blue"
"5301","Šeich, David (ODS)",-19.4773801807136,-2.1364167372861,0.05,0.05,0.7,"blue"
"5302","Bayerová, Marta (KSČM)",-3.29181383691809,-15.1789372476625,0.05,0.05,0.7,"red"
"5303","Býček, Ladislav (KSČM)",-5.28896326513857,-17.4092449352493,0.05,0.05,0.7,"red"
"5304","Zralý, Antonín (KSČM)",-2.41380459565322,-19.3289111902017,0.05,0.05,0.7,"red"
"5305","Ostrý, Vlastimil (Koalice)",10.64682040397,10.4642610528221,0.05,0.05,0.7,"gold"
"5306","Krill, Petr (ODS)",-21.1756247028261,-2.59827261430338,0.05,0.05,0.7,"blue"
"5307","Černý, Alexander (KSČM)",-0.910067639200643,-18.2576495572686,0.05,0.05,0.7,"red"
"5308","Mlčák, Ladislav (KSČM)",-2.39542408945727,-19.5477753266183,0.05,0.05,0.7,"red"
"5309","Vykydal, Ivo (Koalice)",12.2473801983341,11.8694852553704,0.05,0.05,0.7,"gold"
"5310","Seďa, Antonín (ČSSD)",17.6682627934873,7.48220351401006,0.05,0.05,0.7,"orange"
"5311","Smýkal, Josef (ČSSD)",16.6641341480883,7.29548403706503,0.05,0.05,0.7,"orange"
"5312","Antolák, Vlastislav (KSČM)",-1.45044171827366,-19.1387572873943,0.05,0.05,0.7,"red"
"5313","Koníček, Vladimír (KSČM)",-2.9250384228238,-20.3522596615258,0.05,0.05,0.7,"red"
"5314","Hovorka, Ludvík (Koalice)",13.2586485108412,10.8927164034815,0.05,0.05,0.7,"gold"
"5315","Škopík, Jan (Koalice)",14.7759441401963,9.68862412328042,0.05,0.05,0.7,"gold"
"5316","Kubinyi, Jozef (ČSSD)",14.7825727799719,7.50220510974304,0.05,0.05,0.7,"orange"
"5317","Michalík, Alfréd (ČSSD)",15.5100342600868,7.36528426224659,0.05,0.05,0.7,"orange"
"5318","Rafaj, Petr (ČSSD)",15.685971023407,8.05018657830371,0.05,0.05,0.7,"orange"
"5319","Sýkora, Antonín (ČSSD)",14.4338631959973,7.27716368044895,0.05,0.05,0.7,"orange"
"5320","Šedivá, Hana (ČSSD)",13.7178713527863,6.34515927478287,0.05,0.05,0.7,"orange"
"5321","Konečná, Kateřina (KSČM)",-4.4049510275842,-14.5769277079469,0.05,0.05,0.7,"red"
"5322","Opálka, Miroslav (KSČM)",-1.79818104806108,-19.1215064270949,0.05,0.05,0.7,"red"
"5323","Bielesz, Marian (Koalice)",6.02349988141233,5.7220752205873,0.05,0.05,0.7,"gold"
"5324","Vícha, Josef (Koalice)",12.5267720064741,11.4709046269705,0.05,0.05,0.7,"gold"
"5325","Fischerová, Taťána (Koalice)",13.2270495117113,9.26729800791492,0.05,0.05,0.7,"gold"
"5328","Maršíček, Zdeněk (KSČM)",-1.23213955549807,-18.107112492854,0.05,0.05,0.7,"red"
"5342","Böhnisch, Robin (ČSSD)",14.6546124385832,7.22953405985381,0.05,0.05,0.7,"orange"
"5357","Vokáč, Robert (Koalice)",4.8326493928952,7.3489342675221,0.05,0.05,0.7,"gold"
"5365","Vrbík, Tomáš (Koalice)",-2.23177890110948,8.98011308466323,0.05,0.05,0.7,"gold"
"5375","Kochan, Jozef (ODS)",-12.9979238020179,2.80510822673585,0.05,0.05,0.7,"blue"
"5376","Tluchoř, Petr (ODS)",-11.1432784165043,3.03154126439949,0.05,0.05,0.7,"blue"
"5377","Poláček, Josef (ODS)",-10.2132241617588,3.04480283038713,0.05,0.05,0.7,"blue"
"5378","Schwippel, Jan (ODS)",-12.0638709050265,3.7605393386896,0.05,0.05,0.7,"blue"
"5379","Bauer, Jan (ODS)",-10.5081309054578,4.04428214015932,0.05,0.05,0.7,"blue"
"5380","Švarcbek, Josef (KSČM)",1.60676236795104,-8.57476020597644,0.05,0.05,0.7,"red"
"5381","Reiber, Vladimír (KSČM)",1.81516751268736,-9.62856713180199,0.05,0.05,0.7,"red"
"5385","Kratochvíle, Karel (ČSSD)",8.32713239444742,0.218631289287033,0.05,0.05,0.7,"orange"
"5386","Máša, Miloš (ČSSD)",8.4223767271108,0.229276649713941,0.05,0.05,0.7,"orange"
"5387","Mocová, Dagmar (ČSSD)",8.97441070616593,0.17451369412476,0.05,0.05,0.7,"orange"
"5388","Vomáčko, Ladislav (ČSSD)",7.48973015177795,-0.411070327496861,0.05,0.05,0.7,"orange"
"5395","Koníček, František (ČSSD)",2.284161373627,-0.559220268470703,0.05,0.05,0.7,"orange"
"54","Janeček, Josef (Koalice)",12.9463346906128,10.7058347957936,0.05,0.05,0.7,"gold"
"5401","Hamplová, Jana (ČSSD)",1.85048820706519,0.680759439141461,0.05,0.05,0.7,"orange"
"5407","Kubuš, Pavol (ČSSD)",3.20463385663987,-0.970184358550706,0.05,0.05,0.7,"orange"
"5414","Mazuchová, Lenka (ČSSD)",2.44408986559909,-1.16599055161779,0.05,0.05,0.7,"orange"
"63","Karas, Jiří (Koalice)",11.486318103189,10.3567307199687,0.05,0.05,0.7,"gold"
"64","Kasal, Jan (Koalice)",12.5792867649878,10.2144681685902,0.05,0.05,0.7,"gold"
"67","Klas, Jan (ODS)",-21.6573465303203,0.386922458215461,0.05,0.05,0.7,"blue"
"77","Kraus, Michal (ČSSD)",12.6407795356708,7.80756121300957,0.05,0.05,0.7,"orange"
"99","Mandík, Josef (KSČM)",-0.295878718207801,-17.5585783980752,0.05,0.05,0.7,"red"
"100","Marvanová, Hana (Koalice)",-0.487079443646711,0.841137257892705,0.05,0.05,0.1,"gold"
"110","Nájemník, Václav (ODS)",-18.8739811568638,5.95579663461428,0.05,0.05,0.1,"blue"
"111","Nečas, Petr (ODS)",-18.6625795235762,5.21633023215559,0.05,0.05,0.1,"blue"
"122","Orgoníková, Hana (ČSSD)",15.0940147046406,0.607621099530299,0.05,0.05,0.1,"orange"
"124","Palas, Jaroslav (ČSSD)",5.35328385295825,2.26319285618512,0.05,0.05,0.1,"orange"
"136","Recman, Svatomír (KSČM)",4.22046637577883,-18.9343663658226,0.05,0.05,0.1,"red"
"143","Severa, Pavel (Koalice)",3.13474729313021,8.95861143193646,0.05,0.05,0.1,"gold"
"16","Buzková, Petra (ČSSD)",5.25877528705133,2.53720621265897,0.05,0.05,0.1,"orange"
"164","Tlustý, Vlastimil (ODS)",-19.8629852355807,5.00071901943027,0.05,0.05,0.1,"blue"
"19","Čelišová, Květoslava (KSČM)",2.57979472090528,-14.1564466912904,0.05,0.05,0.1,"red"
"1919","Kádner, Tomáš (ODS)",-2.56471883472115,2.0042737605041,0.05,0.05,0.1,"blue"
"193","Výborný, Miloslav (Koalice)",0.653656734753942,0.947960747098588,0.05,0.05,0.1,"gold"
"196","Zeman, Eduard (ČSSD)",15.6438358883014,-0.263380939890622,0.05,0.05,0.1,"orange"
"206","Brynychová, Ludmila (KSČM)",1.82389211798712,-15.2173286051806,0.05,0.05,0.1,"red"
"209","Dostál, Pavel (ČSSD)",5.03581275893822,2.7021257998694,0.05,0.05,0.1,"orange"
"210","Ekert, Milan (ČSSD)",14.313440550647,1.44361455713024,0.05,0.05,0.1,"orange"
"211","Emmerová, Milada (ČSSD)",8.38595124595638,2.9748672434445,0.05,0.05,0.1,"orange"
"215","Hojdar, Josef (ČSSD)",10.4788921901994,0.998521113802636,0.05,0.05,0.1,"orange"
"218","Jičínský, Zdeněk (ČSSD)",12.1072387277677,-0.944451081263714,0.05,0.05,0.1,"orange"
"219","Kapoun, Miroslav (ČSSD)",14.1372652072817,1.21466221119725,0.05,0.05,0.1,"orange"
"220","Kopecký, Robert (ČSSD)",10.8749105936455,1.63193136706598,0.05,0.05,0.1,"orange"
"225","Kupčová, Jitka (ČSSD)",16.0576859830302,0.211548516761002,0.05,0.05,0.1,"orange"
"226","Laštůvka, Vladimír (ČSSD)",8.68922953680786,1.49551982332562,0.05,0.05,0.1,"orange"
"227","Macháček, Antonín (ČSSD)",13.7647203438101,0.918796469792042,0.05,0.05,0.1,"orange"
"230","Melčák, Miloš (ČSSD)",14.1576768277754,0.388854721191157,0.05,0.05,0.1,"orange"
"234","Schling, Jaromír (ČSSD)",14.8003869168443,1.13070083971847,0.05,0.05,0.1,"orange"
"235","Skopal, Ladislav (ČSSD)",12.7902033372952,0.677521430373116,0.05,0.05,0.1,"orange"
"236","Snítilý, Evžen (ČSSD)",11.358537862568,1.37013339551368,0.05,0.05,0.1,"orange"
"237","Sobotka, Bohuslav (ČSSD)",11.5948592743968,2.47180077877847,0.05,0.05,0.1,"orange"
"239","Škromach, Zdeněk (ČSSD)",14.9941349601435,1.21069036313495,0.05,0.05,0.1,"orange"
"241","Špidla, Vladimír (ČSSD)",4.74725260681869,2.99852731560996,0.05,0.05,0.1,"orange"
"243","Šulák, Petr (ČSSD)",12.9249311810362,1.52019787798335,0.05,0.05,0.1,"orange"
"244","Teplík, Tomáš (ODS)",-20.0026275969604,5.45969335583738,0.05,0.05,0.1,"blue"
"246","Titz, Miloš (ČSSD)",12.6890289093613,1.41420150192742,0.05,0.05,0.1,"orange"
"247","Tomíček, Rudolf (ČSSD)",15.7767081682473,0.892307770911926,0.05,0.05,0.1,"orange"
"248","Turek, Radim (ČSSD)",10.8202080384726,3.11475711762984,0.05,0.05,0.1,"orange"
"249","Václavek, Jiří (ČSSD)",15.7393965860774,-0.760820044045235,0.05,0.05,0.1,"orange"
"250","Vlček, Miloslav (ČSSD)",13.166649191003,1.52530911207438,0.05,0.05,0.1,"orange"
"252","Zaorálek, Lubomír (ČSSD)",12.1295521514899,2.18806841253308,0.05,0.05,0.1,"orange"
"261","Horníková, Zdeňka (ODS)",-20.2769474227928,5.2635055290116,0.05,0.05,0.1,"blue"
"266","Langer, Ivan (ODS)",-20.230374299218,4.11472712363904,0.05,0.05,0.1,"blue"
"269","Papež, Jiří (ODS)",-22.2540661000316,5.71479836006935,0.05,0.05,0.1,"blue"
"270","Pešán, Jaroslav (ODS)",-23.0715008607801,6.03870900176685,0.05,0.05,0.1,"blue"
"273","Plachý, Jaroslav (ODS)",-21.4903443098202,6.29932038590923,0.05,0.05,0.1,"blue"
"275","Pleva, Petr (ODS)",-21.3826048987075,6.30129930458422,0.05,0.05,0.1,"blue"
"277","Sehoř, Karel (ODS)",-21.5225155589831,5.56549266870312,0.05,0.05,0.1,"blue"
"280","Vidím, Jan (ODS)",-20.2466673261999,5.83844603635787,0.05,0.05,0.1,"blue"
"282","Vojíř, Oldřich (ODS)",-20.5691373076688,4.80547141608655,0.05,0.05,0.1,"blue"
"285","Zvěřina, Jaroslav (ODS)",-8.72602402561437,-0.194689514032461,0.05,0.05,0.1,"blue"
"295","Ambrozek, Libor (Koalice)",2.81248161097627,8.72432717065904,0.05,0.05,0.1,"gold"
"297","Holáň, Vilém (Koalice)",6.7143580452401,10.4381229866026,0.05,0.05,0.1,"gold"
"301","Šojdrová, Michaela (Koalice)",5.63056709873896,9.49274488708114,0.05,0.05,0.1,"gold"
"302","Talíř, Jaromír (Koalice)",6.49103400954861,10.5753830201447,0.05,0.05,0.1,"gold"
"303","Filip, Vojtěch (KSČM)",0.336365658482718,-14.3514601686409,0.05,0.05,0.1,"red"
"304","Gongol, Jaroslav (KSČM)",4.85612733955607,-17.9437735978434,0.05,0.05,0.1,"red"
"305","Grebeníček, Miroslav (KSČM)",1.46581173590462,-14.5188437873821,0.05,0.05,0.1,"red"
"309","Kováčik, Pavel (KSČM)",2.56617158152081,-15.8322464264519,0.05,0.05,0.1,"red"
"31","Exner, Václav (KSČM)",1.21892452945797,-15.2489653518841,0.05,0.05,0.1,"red"
"310","Maštálka, Jiří (KSČM)",-1.1254275705043,-5.52987623708231,0.05,0.05,0.1,"red"
"311","Ransdorf, Miloslav (KSČM)",-2.1533628330653,-4.17663322082927,0.05,0.05,0.1,"red"
"312","Bebarová Rujbrová, Zuzka (KSČM)",1.27077103898491,-15.9142898291291,0.05,0.05,0.1,"red"
"317","Vymětal, Karel (KSČM)",1.98397415875227,-18.4470195670842,0.05,0.05,0.1,"red"
"333","Grůza, Jan (Koalice)",7.03870163621221,10.2088499408296,0.05,0.05,0.1,"gold"
"335","Kladívko, Tomáš (ODS)",-21.3946266870016,5.796938849605,0.05,0.05,0.1,"blue"
"340","Parkanová, Vlasta (Koalice)",3.60195577145458,10.1621495652284,0.05,0.05,0.1,"gold"
"344","Aubrecht, Vlastimil (ČSSD)",14.4963266530958,0.977564227930888,0.05,0.05,0.1,"orange"
"345","Bartoš, Walter (ODS)",-20.4054583127855,7.03189448936922,0.05,0.05,0.1,"blue"
"347","Beneš, Miroslav (ODS)",-20.1090842746338,6.14285593200686,0.05,0.05,0.1,"blue"
"348","Bílý, Jiří (ODS)",-20.3235010569383,5.55017827903975,0.05,0.05,0.1,"blue"
"349","Boháčková, Jarmila (ČSSD)",7.32744199400608,2.44234575381897,0.05,0.05,0.1,"orange"
"353","Cabrnoch, Milan (ODS)",-8.85582442275012,-0.797549786197441,0.05,0.05,0.1,"blue"
"354","Černý, Karel (ČSSD)",13.4147157478971,1.17990319221541,0.05,0.05,0.1,"orange"
"356","Doktor, Michal (ODS)",-22.1643948674733,6.66487349697066,0.05,0.05,0.1,"blue"
"357","Doležal, Vladimír (ODS)",-18.0207023207501,2.52782302399977,0.05,0.05,0.1,"blue"
"358","Dostálová, Kateřina (ODS)",-21.1535632382033,6.05282107265353,0.05,0.05,0.1,"blue"
"36","Frank, Václav (KSČM)",3.80247430502243,-18.8960584734037,0.05,0.05,0.1,"red"
"360","Dundáčková, Eva (ODS)",-20.6263044577025,6.23727961170098,0.05,0.05,0.1,"blue"
"361","Fischer, Stanislav (KSČM)",4.23228829721729,-9.82350252167392,0.05,0.05,0.1,"red"
"362","Grega, Andrej (ČSSD)",1.08214109343101,-0.477449174724045,0.05,0.05,0.1,"orange"
"363","Grüner, Václav (ČSSD)",7.61818766910429,-1.80838625410862,0.05,0.05,0.1,"orange"
"366","Hojda, Pavel (KSČM)",3.71095818011225,-19.4237474702961,0.05,0.05,0.1,"red"
"367","Hönig, Pavel (ČSSD)",13.791246609978,2.50599847540901,0.05,0.05,0.1,"orange"
"371","Hrnčíř, Pavel (ODS)",-23.6434303561087,6.71431640887121,0.05,0.05,0.1,"blue"
"372","Chytka, Radim (ODS)",-22.4452386225837,7.10838894057389,0.05,0.05,0.1,"blue"
"374","Ježek, Libor (ODS)",-19.0130268729186,5.0314198383133,0.05,0.05,0.1,"blue"
"377","Kalousek, Miroslav (Koalice)",1.84954817943419,9.82062481984902,0.05,0.05,0.1,"gold"
"378","Kocourek, Martin (ODS)",-18.6316993025879,5.49636802420239,0.05,0.05,0.1,"blue"
"379","Kohlíček, Jaromír (KSČM)",-0.95210991961719,-5.87682307314036,0.05,0.05,0.1,"red"
"381","Kořistka, Zdeněk (US)",0.117838001359547,3.74936030594395,0.05,0.05,0.1,"darkviolet"
"382","Koudelka, Zdeněk (ČSSD)",13.5958764867046,2.11110478585817,0.05,0.05,0.1,"orange"
"383","Krajíček, Miroslav (ODS)",-24.0688528276328,7.30852789977053,0.05,0.05,0.1,"blue"
"386","Křeček, Stanislav (ČSSD)",12.2873593179249,2.83421903647937,0.05,0.05,0.1,"orange"
"389","Kühnl, Karel (Koalice)",1.6695049044667,10.6040522354584,0.05,0.05,0.1,"gold"
"39","Gross, Stanislav (ČSSD)",6.28884015358741,3.88813801968509,0.05,0.05,0.1,"orange"
"390","Kvapil, Tomáš (Koalice)",4.70848829841653,10.618580862202,0.05,0.05,0.1,"gold"
"392","Lobkowicz, Jaroslav (Koalice)",2.67805703279482,11.3371211712658,0.05,0.05,0.1,"gold"
"393","Máče, Miroslav (ČSSD)",2.7092683220604,-1.35269203471614,0.05,0.05,0.1,"orange"
"396","Martínek, Radko (ČSSD)",12.5802164368273,2.32335921684307,0.05,0.05,0.1,"orange"
"398","Mlynář, Vladimír (Koalice)",0.569324975380138,0.830677394247212,0.05,0.05,0.1,"gold"
"4","Benda, Marek (ODS)",-10.89727029259,5.09024475729357,0.05,0.05,0.1,"blue"
"400","Nedvědová, Veronika (ODS)",-17.193397022634,4.33870845675714,0.05,0.05,0.1,"blue"
"401","Němcová, Miroslava (ODS)",-21.0880877020239,5.79670483513516,0.05,0.05,0.1,"blue"
"403","Němec, Pavel (Koalice)",-1.60140400297337,5.97514185777962,0.05,0.05,0.1,"gold"
"405","Ouzký, Miroslav (ODS)",-8.38160473525152,0.00353904809255609,0.05,0.05,0.1,"blue"
"406","Páralová, Alena (ODS)",-23.3799011273457,6.86220759782788,0.05,0.05,0.1,"blue"
"407","Patočka, Jiří (ODS)",-7.08497273228956,0.332340288595098,0.05,0.05,0.1,"blue"
"410","Petr, Břetislav (ČSSD)",6.13959018643526,-1.1080706971005,0.05,0.05,0.1,"orange"
"412","Rozehnal, Aleš (ODS)",-18.7771630988165,3.63953295138052,0.05,0.05,0.1,"blue"
"415","Suchánek, Pavel (ODS)",-22.001097713945,6.74819888046648,0.05,0.05,0.1,"blue"
"416","Svoboda, Cyril (Koalice)",3.07119703501991,7.29470586740885,0.05,0.05,0.1,"gold"
"417","Svoboda, Pavel (Koalice)",0.738070752193907,5.95899445053157,0.05,0.05,0.1,"gold"
"419","Šplíchal, Karel (ČSSD)",12.7782494361447,1.337079563327,0.05,0.05,0.1,"orange"
"420","Šustr, Ladislav (Koalice)",5.96911081118118,9.81061282625751,0.05,0.05,0.1,"gold"
"421","Talmanová, Lucie (ODS)",-21.902074094868,6.09469760938657,0.05,0.05,0.1,"blue"
"422","Urban, Milan (ČSSD)",6.0917658159111,3.80887455324755,0.05,0.05,0.1,"orange"
"423","Vávra, Eduard (ODS)",-21.8884699583587,6.24209123967633,0.05,0.05,0.1,"blue"
"425","Vlčková, Miroslava (KSČM)",3.44002710493188,-17.2953347294335,0.05,0.05,0.1,"red"
"426","Vnouček, František (ČSSD)",6.46346576972451,-0.602394822020135,0.05,0.05,0.1,"orange"
"429","Zahradil, Jan (ODS)",-7.66210970815316,0.0569639851265824,0.05,0.05,0.1,"blue"
"430","Zajíček, Tom (ODS)",-24.012401348641,6.96538100926776,0.05,0.05,0.1,"blue"
"431","Záruba, Bohuslav (ODS)",-19.9847637454419,6.45301977287734,0.05,0.05,0.1,"blue"
"437","Říman, Martin (ODS)",-21.4426488348704,5.38776627443563,0.05,0.05,0.1,"blue"
"450","Kavan, Jan (ČSSD)",8.32710234701218,0.755976619736716,0.05,0.05,0.1,"orange"
"4527","Vondruška, Josef (KSČM)",1.43373488596642,-2.9825484996903,0.05,0.05,0.1,"red"
"454","Kužvart, Miloš (ČSSD)",10.1836307921117,1.00548853199125,0.05,0.05,0.1,"orange"
"4778","Grospič, Stanislav (KSČM)",3.31516329562206,-19.0193210104295,0.05,0.05,0.1,"red"
"5120","Lachnit, Petr (ČSSD)",10.2622952193384,0.914261497184673,0.05,0.05,0.1,"orange"
"5213","Fajmon, Hynek (ODS)",-11.4180813788764,0.175285111987646,0.05,0.05,0.1,"blue"
"5217","Tvrdík, Jaroslav (ČSSD)",1.17736287595959,0.755319918147491,0.05,0.05,0.1,"orange"
"5224","Karásek, Svatopluk (Koalice)",3.3009471834191,8.77356485945214,0.05,0.05,0.1,"gold"
"5252","Ibl, Petr (ČSSD)",13.4584875230441,2.48852600200561,0.05,0.05,0.1,"orange"
"5253","Kučera, Miloslav (ODS)",-18.4531212610033,4.00876010929614,0.05,0.05,0.1,"blue"
"5254","Nováková, Eva (ČSSD)",11.4219251931415,3.19453809493216,0.05,0.05,0.1,"orange"
"5255","Svoboda, Miroslav (ČSSD)",11.9479396013971,1.21722608035903,0.05,0.05,0.1,"orange"
"5256","Bratský, Petr (ODS)",-20.8594692713517,6.51296558546397,0.05,0.05,0.1,"blue"
"5257","Dub, Tomáš (ODS)",-21.5148524120664,5.21379600230138,0.05,0.05,0.1,"blue"
"5258","Mallotová, Helena (ODS)",-17.8929514972207,5.04408127993499,0.05,0.05,0.1,"blue"
"5259","Novotný, Zbyněk (ODS)",-20.5832252524787,5.0497308150903,0.05,0.05,0.1,"blue"
"5260","Beneš, František (KSČM)",5.07386018995493,-18.8478223746788,0.05,0.05,0.1,"red"
"5261","Dolejš, Jiří (KSČM)",1.50712337841339,-13.9683596010059,0.05,0.05,0.1,"red"
"5262","Říha, Vladimír (Koalice)",6.81979941260714,10.59713982968,0.05,0.05,0.1,"gold"
"5263","Čurdová, Anna (ČSSD)",13.8308353745633,0.140686694501772,0.05,0.05,0.1,"orange"
"5264","Rouček, Libor (ČSSD)",5.10922723488264,2.43034219123185,0.05,0.05,0.1,"orange"
"5265","Řihák, Josef (ČSSD)",15.8840319954115,-0.0677832040661028,0.05,0.05,0.1,"orange"
"5266","Třešňák, Jiří (ČSSD)",15.5361800349647,0.681708520718228,0.05,0.05,0.1,"orange"
"5267","Fialová, Jiřina (KSČM)",3.39471069100009,-18.8433688811434,0.05,0.05,0.1,"red"
"5268","Vostrá, Miloslava (KSČM)",3.38005291547506,-18.4823973313333,0.05,0.05,0.1,"red"
"5269","Mládek, Jan (ČSSD)",8.46751515259796,4.0634206406742,0.05,0.05,0.1,"orange"
"5270","Braný, Petr (KSČM)",2.56368014948602,-17.8171748442449,0.05,0.05,0.1,"red"
"5271","Čada, Vladimír (ČSSD)",17.0961042016623,0.0506250568186471,0.05,0.05,0.1,"orange"
"5272","Votava, Václav (ČSSD)",16.0221559231755,0.714401224057121,0.05,0.05,0.1,"orange"
"5273","Pospíšil, Jiří (ODS)",-20.7490720375494,6.4837797938644,0.05,0.05,0.1,"blue"
"5274","Levá, Ivana (KSČM)",4.17677467046324,-19.0877669784352,0.05,0.05,0.1,"red"
"5275","Urban, Ladislav (KSČM)",3.06553948976604,-18.7271179983798,0.05,0.05,0.1,"red"
"5276","Mikuta, Josef (ČSSD)",12.1419342951655,2.94769272671866,0.05,0.05,0.1,"orange"
"5277","Patera, Miloš (ODS)",-18.4571633360684,6.02285914215975,0.05,0.05,0.1,"blue"
"5278","Suk, Lubomír (ODS)",-21.7609166033109,7.31379887321008,0.05,0.05,0.1,"blue"
"5279","Krákora, Jaroslav (ČSSD)",15.169728552901,1.53671707904306,0.05,0.05,0.1,"orange"
"5280","Bíža, Josef (ODS)",-20.2987450736613,4.915685968902,0.05,0.05,0.1,"blue"
"5281","Pátek, Miroslav (ODS)",-22.2532039860041,6.70364350125124,0.05,0.05,0.1,"blue"
"5282","Šenfeld, Josef (KSČM)",3.6789018623459,-19.4050005311618,0.05,0.05,0.1,"red"
"5283","Němec, Oldřich (ČSSD)",13.1045171685804,1.6051456816609,0.05,0.05,0.1,"orange"
"5284","Vojtilová, Jitka (ČSSD)",14.0547285457683,1.79492640362958,0.05,0.05,0.1,"orange"
"5285","Hasil, Tomáš (ODS)",-20.0812800905962,5.54372801983927,0.05,0.05,0.1,"blue"
"5286","Kott, Petr (ODS)",-6.29932939247493,3.07358796467537,0.05,0.05,0.1,"blue"
"5287","Pelc, František (Koalice)",1.78025139337992,10.0989327977161,0.05,0.05,0.1,"gold"
"5288","Šedivá, Iva (ČSSD)",14.9874513870904,0.512298157418341,0.05,0.05,0.1,"orange"
"5289","Dlab, Vlastimil (KSČM)",3.77424221414364,-18.7339961878143,0.05,0.05,0.1,"red"
"5290","Marková, Soňa (KSČM)",2.94856850608432,-18.0546931420964,0.05,0.05,0.1,"red"
"5291","Hanuš, Jiří (Koalice)",6.841055422803,9.60358622202026,0.05,0.05,0.1,"gold"
"5292","Váňa, Miroslav (ČSSD)",14.0253579497852,1.30356853161117,0.05,0.05,0.1,"orange"
"5293","Gruntová, Jitka (KSČM)",3.64480873717519,-16.9578705076949,0.05,0.05,0.1,"red"
"5294","Zgarba, Petr (ČSSD)",11.6027262894611,2.00845368262989,0.05,0.05,0.1,"orange"
"5295","Bičík, Milan (KSČM)",3.50929829322885,-19.0311414468358,0.05,0.05,0.1,"red"
"5296","Rusová, Marie (KSČM)",1.55265407249992,-16.3275020376189,0.05,0.05,0.1,"red"
"5297","Hašek, Michal (ČSSD)",13.6685513997823,2.5730781169468,0.05,0.05,0.1,"orange"
"5298","Kala, Miloslav (ČSSD)",15.0937375926044,0.757376952186146,0.05,0.05,0.1,"orange"
"5299","Strnad, František (ČSSD)",15.3131373227433,0.184949724827222,0.05,0.05,0.1,"orange"
"5300","Mencl, Václav (ODS)",-20.7394349052806,4.22199458777109,0.05,0.05,0.1,"blue"
"5301","Šeich, David (ODS)",-19.7453573200118,4.19576120220523,0.05,0.05,0.1,"blue"
"5302","Bayerová, Marta (KSČM)",1.75836488602708,-14.8206851860874,0.05,0.05,0.1,"red"
"5303","Býček, Ladislav (KSČM)",1.97111727124451,-17.8758436671866,0.05,0.05,0.1,"red"
"5304","Zralý, Antonín (KSČM)",4.08420567051766,-19.1018076531728,0.05,0.05,0.1,"red"
"5305","Ostrý, Vlastimil (Koalice)",4.14727405492585,9.71505888301051,0.05,0.05,0.1,"gold"
"5306","Krill, Petr (ODS)",-20.9205849009721,6.46608606098193,0.05,0.05,0.1,"blue"
"5307","Černý, Alexander (KSČM)",3.64685577742955,-18.7292711953355,0.05,0.05,0.1,"red"
"5308","Mlčák, Ladislav (KSČM)",2.04573326613919,-18.5468827287673,0.05,0.05,0.1,"red"
"5309","Vykydal, Ivo (Koalice)",5.17673296884943,11.5163713503669,0.05,0.05,0.1,"gold"
"5310","Seďa, Antonín (ČSSD)",15.1672251397244,2.29114224258464,0.05,0.05,0.1,"orange"
"5311","Smýkal, Josef (ČSSD)",16.3771927622178,-0.309537085953563,0.05,0.05,0.1,"orange"
"5312","Antolák, Vlastislav (KSČM)",4.4502055487292,-19.0416833061939,0.05,0.05,0.1,"red"
"5313","Koníček, Vladimír (KSČM)",3.73057556868828,-19.9153372648344,0.05,0.05,0.1,"red"
"5314","Hovorka, Ludvík (Koalice)",6.21053637345946,8.73709934025424,0.05,0.05,0.1,"gold"
"5315","Škopík, Jan (Koalice)",6.85856838970112,10.8070381712083,0.05,0.05,0.1,"gold"
"5316","Kubinyi, Jozef (ČSSD)",13.583927871623,2.03016493267191,0.05,0.05,0.1,"orange"
"5317","Michalík, Alfréd (ČSSD)",14.7771253387767,-0.314087750262102,0.05,0.05,0.1,"orange"
"5318","Rafaj, Petr (ČSSD)",14.9380852889496,1.10444343485342,0.05,0.05,0.1,"orange"
"5319","Sýkora, Antonín (ČSSD)",14.0165318387192,1.17644986068181,0.05,0.05,0.1,"orange"
"5320","Šedivá, Hana (ČSSD)",12.8760056482707,0.904185232404955,0.05,0.05,0.1,"orange"
"5321","Konečná, Kateřina (KSČM)",1.20302438555125,-14.5301435444246,0.05,0.05,0.1,"red"
"5322","Opálka, Miroslav (KSČM)",4.13048975084058,-18.3668641813555,0.05,0.05,0.1,"red"
"5323","Bielesz, Marian (Koalice)",2.46640588078764,5.27887801846964,0.05,0.05,0.1,"gold"
"5324","Vícha, Josef (Koalice)",5.72028266562304,10.3322863031764,0.05,0.05,0.1,"gold"
"5325","Fischerová, Taťána (Koalice)",4.08077323072729,9.44150391788604,0.05,0.05,0.1,"gold"
"5328","Maršíček, Zdeněk (KSČM)",4.29188133883009,-17.9571016857462,0.05,0.05,0.1,"red"
"5342","Böhnisch, Robin (ČSSD)",13.4564963423025,0.158984067753371,0.05,0.05,0.1,"orange"
"5357","Vokáč, Robert (Koalice)",0.132036720682809,8.227723242375,0.05,0.05,0.1,"gold"
"5365","Vrbík, Tomáš (Koalice)",-9.35838088404623,9.38337938668521,0.05,0.05,0.1,"gold"
"5375","Kochan, Jozef (ODS)",-12.9250492539461,6.28791696438356,0.05,0.05,0.1,"blue"
"5376","Tluchoř, Petr (ODS)",-11.3126454276858,5.47929150269578,0.05,0.05,0.1,"blue"
"5377","Poláček, Josef (ODS)",-9.6597197215072,6.04660473105712,0.05,0.05,0.1,"blue"
"5378","Schwippel, Jan (ODS)",-11.8553794086962,6.85619382613528,0.05,0.05,0.1,"blue"
"5379","Bauer, Jan (ODS)",-10.5631520176858,5.7843111786471,0.05,0.05,0.1,"blue"
"5380","Švarcbek, Josef (KSČM)",2.39547804389927,-8.7061613037051,0.05,0.05,0.1,"red"
"5381","Reiber, Vladimír (KSČM)",3.5473275216011,-10.1807966484403,0.05,0.05,0.1,"red"
"5385","Kratochvíle, Karel (ČSSD)",7.67916539599007,-1.15622013823112,0.05,0.05,0.1,"orange"
"5386","Máša, Miloš (ČSSD)",7.79717160040096,-0.8592605453118,0.05,0.05,0.1,"orange"
"5387","Mocová, Dagmar (ČSSD)",8.05092981075025,-1.23421222939116,0.05,0.05,0.1,"orange"
"5388","Vomáčko, Ladislav (ČSSD)",7.04393552890591,-1.0447311162033,0.05,0.05,0.1,"orange"
"5395","Koníček, František (ČSSD)",2.14234934708871,-0.446168529327393,0.05,0.05,0.1,"orange"
"54","Janeček, Josef (Koalice)",6.12743697203249,11.0528609505061,0.05,0.05,0.1,"gold"
"5401","Hamplová, Jana (ČSSD)",1.44775895954752,0.0916955815575997,0.05,0.05,0.1,"orange"
"5407","Kubuš, Pavol (ČSSD)",3.04479782683238,-1.57550925458766,0.05,0.05,0.1,"orange"
"5414","Mazuchová, Lenka (ČSSD)",2.14974384452373,-1.02525209190025,0.05,0.05,0.1,"orange"
"5415","Zapletal, Cyril (ČSSD)",1.52624145737578,-0.664685755547483,0.05,0.05,0.1,"orange"
"63","Karas, Jiří (Koalice)",5.45908359166054,9.69336670431119,0.05,0.05,0.1,"gold"
"64","Kasal, Jan (Koalice)",7.17843963124814,9.14851871715277,0.05,0.05,0.1,"gold"
"67","Klas, Jan (ODS)",-22.0661005772797,7.03128517526162,0.05,0.05,0.1,"blue"
"77","Kraus, Michal (ČSSD)",10.2537676559408,2.46539170391287,0.05,0.05,0.1,"orange"
"99","Mandík, Josef (KSČM)",4.25613408734789,-17.2686702474328,0.05,0.05,0.1,"red"
